period,feature,metric_type,value,previous_value,unit,segment,related_ticket_count
2026-04,notifications,adoption,52,60,percent,enterprise,25
2026-04,notifications,support_tickets,22,12,count,enterprise,22
2026-04,notifications,notification_delivery_delay,30,18,count,enterprise,15
2026-04,csv_import,adoption,51,59,percent,enterprise,26
2026-04,csv_import,support_tickets,25,13,count,enterprise,25
2026-04,csv_import,failed_imports,32,19,count,enterprise,16
2026-04,permissions,adoption,50,58,percent,enterprise,27
2026-04,permissions,support_tickets,28,14,count,enterprise,28
2026-04,permissions,access_denied_errors,34,20,count,enterprise,17
2026-04,reports,adoption,49,57,percent,enterprise,28
2026-04,reports,support_tickets,31,15,count,enterprise,31
2026-04,reports,report_accuracy_complaints,36,21,count,enterprise,18
2026-04,search,adoption,48,56,percent,enterprise,29
2026-04,search,support_tickets,34,16,count,enterprise,34
2026-04,search,search_zero_result_rate,38,22,count,enterprise,19
2026-04,webhooks,adoption,47,55,percent,enterprise,30
2026-04,webhooks,support_tickets,37,17,count,enterprise,37
2026-04,webhooks,webhook_failed_deliveries,40,23,count,enterprise,20
2026-04,integrations,adoption,46,54,percent,enterprise,31
2026-04,integrations,support_tickets,40,18,count,enterprise,40
2026-04,integrations,integration_reconnect_rate,42,24,count,enterprise,21
2026-04,tasks,adoption,45,53,percent,enterprise,32
2026-04,tasks,support_tickets,43,19,count,enterprise,43
2026-04,tasks,task_priority_corrections,44,25,count,enterprise,22
2026-04,projects,adoption,44,52,percent,enterprise,33
2026-04,projects,support_tickets,46,20,count,enterprise,46
2026-04,projects,project_health_stale_views,46,26,count,enterprise,23
2026-04,sprints,adoption,43,51,percent,enterprise,34
2026-04,sprints,support_tickets,49,21,count,enterprise,49
2026-04,sprints,capacity_mismatch_rate,48,27,count,enterprise,24
