ticket_id,created_at,customer_segment,customer_role,channel,priority,status,feature,sentiment,subject,body,satisfaction_score,resolution_time_hours
GEN-TCK-0001,2026-04-01,startup,Product Owner,chat,low,open,notifications,neutral,уведомления: Slack notifications задерживаются на 15-20 минут в enterprise workspace,"Клиент сообщает, что Slack notifications задерживаются на 15-20 минут в enterprise workspace. Impact: команды пропускают срочные изменения и начинают вручную проверять задачи. Похоже на webhooks, но support должен классифицировать как notifications.",2,8
GEN-TCK-0002,2026-04-02,mid_market,Project Manager,email,medium,resolved,csv_import,neutral,импорт CSV: CSV import отклоняет строки из-за неверного mapping assignee_email,"Клиент сообщает, что CSV import отклоняет строки из-за неверного mapping assignee_email. Impact: Project Managers не могут быстро перенести backlog из старых инструментов. Похоже на tasks, но support должен классифицировать как csv_import.",3,10
GEN-TCK-0003,2026-04-03,enterprise,Developer,portal,high,escalated,permissions,negative,права доступа: менеджеры не видят SLA reports после изменения project-level permissions,"Клиент сообщает, что менеджеры не видят SLA reports после изменения project-level permissions. Impact: enterprise-команды теряют прозрачность по SLA и эскалируют тикеты. Похоже на reports, но support должен классифицировать как permissions.",4,12
GEN-TCK-0004,2026-04-04,enterprise,Support Manager,chat,critical,open,reports,negative,отчеты: SLA report показывает неполные данные после массовых изменений задач,"Клиент сообщает, что SLA report показывает неполные данные после массовых изменений задач. Impact: Product Owners не доверяют отчетам и экспортируют данные вручную. Похоже на tasks, но support должен классифицировать как reports.",5,14
GEN-TCK-0005,2026-04-05,startup,Product Owner,email,low,resolved,search,neutral,поиск: поиск по assignee возвращает неполный список задач после импорта,"Клиент сообщает, что поиск по assignee возвращает неполный список задач после импорта. Impact: PM тратят время на ручную фильтрацию задач и теряют скорость планирования. Похоже на csv_import, но support должен классифицировать как search.",2,16
GEN-TCK-0006,2026-04-06,mid_market,Project Manager,portal,medium,escalated,webhooks,neutral,webhooks: webhook retry не доставляет события после ошибки 429,"Клиент сообщает, что webhook retry не доставляет события после ошибки 429. Impact: интеграции клиентов получают события с задержкой или не получают их вовсе. Похоже на integrations, но support должен классифицировать как webhooks.",3,18
GEN-TCK-0007,2026-04-07,enterprise,Developer,chat,high,open,integrations,negative,интеграции: Slack integration периодически теряет связь после обновления OAuth scopes,"Клиент сообщает, что Slack integration периодически теряет связь после обновления OAuth scopes. Impact: команды не получают уведомления и создают дублирующие Slack threads. Похоже на notifications, но support должен классифицировать как integrations.",4,20
GEN-TCK-0008,2026-04-08,enterprise,Support Manager,email,critical,resolved,tasks,negative,задачи: bulk update задач иногда сбрасывает priority у части записей,"Клиент сообщает, что bulk update задач иногда сбрасывает priority у части записей. Impact: тимлиды не видят критичные задачи в sprint board. Похоже на sprints, но support должен классифицировать как tasks.",5,22
GEN-TCK-0009,2026-04-09,startup,Product Owner,portal,low,escalated,projects,neutral,проекты: project dashboard показывает stale health status после смены owners,"Клиент сообщает, что project dashboard показывает stale health status после смены owners. Impact: руководители принимают решения по устаревшему статусу проекта. Похоже на permissions, но support должен классифицировать как projects.",2,24
GEN-TCK-0010,2026-04-10,mid_market,Project Manager,chat,medium,open,sprints,neutral,"спринты: capacity planning не учитывает задачи, перенесенные между спринтами","Клиент сообщает, что capacity planning не учитывает задачи, перенесенные между спринтами. Impact: PM неверно оценивают загрузку команды и риски delivery. Похоже на tasks, но support должен классифицировать как sprints.",3,26
GEN-TCK-0011,2026-04-11,enterprise,Developer,email,high,resolved,notifications,negative,уведомления: Slack notifications задерживаются на 15-20 минут в enterprise workspace,"Клиент сообщает, что Slack notifications задерживаются на 15-20 минут в enterprise workspace. Impact: команды пропускают срочные изменения и начинают вручную проверять задачи. Похоже на webhooks, но support должен классифицировать как notifications.",4,28
GEN-TCK-0012,2026-04-12,enterprise,Support Manager,portal,critical,escalated,csv_import,negative,импорт CSV: CSV import отклоняет строки из-за неверного mapping assignee_email,"Клиент сообщает, что CSV import отклоняет строки из-за неверного mapping assignee_email. Impact: Project Managers не могут быстро перенести backlog из старых инструментов. Похоже на tasks, но support должен классифицировать как csv_import.",5,30
GEN-TCK-0013,2026-04-13,startup,Product Owner,chat,low,open,permissions,neutral,права доступа: менеджеры не видят SLA reports после изменения project-level permissions,"Клиент сообщает, что менеджеры не видят SLA reports после изменения project-level permissions. Impact: enterprise-команды теряют прозрачность по SLA и эскалируют тикеты. Похоже на reports, но support должен классифицировать как permissions.",2,32
GEN-TCK-0014,2026-04-14,mid_market,Project Manager,email,medium,resolved,reports,neutral,отчеты: SLA report показывает неполные данные после массовых изменений задач,"Клиент сообщает, что SLA report показывает неполные данные после массовых изменений задач. Impact: Product Owners не доверяют отчетам и экспортируют данные вручную. Похоже на tasks, но support должен классифицировать как reports.",3,34
GEN-TCK-0015,2026-04-15,enterprise,Developer,portal,high,escalated,search,negative,поиск: поиск по assignee возвращает неполный список задач после импорта,"Клиент сообщает, что поиск по assignee возвращает неполный список задач после импорта. Impact: PM тратят время на ручную фильтрацию задач и теряют скорость планирования. Похоже на csv_import, но support должен классифицировать как search.",4,36
GEN-TCK-0016,2026-04-16,enterprise,Support Manager,chat,critical,open,webhooks,negative,webhooks: webhook retry не доставляет события после ошибки 429,"Клиент сообщает, что webhook retry не доставляет события после ошибки 429. Impact: интеграции клиентов получают события с задержкой или не получают их вовсе. Похоже на integrations, но support должен классифицировать как webhooks.",5,38
GEN-TCK-0017,2026-04-17,startup,Product Owner,email,low,resolved,integrations,neutral,интеграции: Slack integration периодически теряет связь после обновления OAuth scopes,"Клиент сообщает, что Slack integration периодически теряет связь после обновления OAuth scopes. Impact: команды не получают уведомления и создают дублирующие Slack threads. Похоже на notifications, но support должен классифицировать как integrations.",2,40
GEN-TCK-0018,2026-04-18,mid_market,Project Manager,portal,medium,escalated,tasks,neutral,задачи: bulk update задач иногда сбрасывает priority у части записей,"Клиент сообщает, что bulk update задач иногда сбрасывает priority у части записей. Impact: тимлиды не видят критичные задачи в sprint board. Похоже на sprints, но support должен классифицировать как tasks.",3,42
GEN-TCK-0019,2026-04-19,enterprise,Developer,chat,high,open,projects,negative,проекты: project dashboard показывает stale health status после смены owners,"Клиент сообщает, что project dashboard показывает stale health status после смены owners. Impact: руководители принимают решения по устаревшему статусу проекта. Похоже на permissions, но support должен классифицировать как projects.",4,44
GEN-TCK-0020,2026-04-20,enterprise,Support Manager,email,critical,resolved,sprints,negative,"спринты: capacity planning не учитывает задачи, перенесенные между спринтами","Клиент сообщает, что capacity planning не учитывает задачи, перенесенные между спринтами. Impact: PM неверно оценивают загрузку команды и риски delivery. Похоже на tasks, но support должен классифицировать как sprints.",5,46
GEN-TCK-0021,2026-04-21,startup,Product Owner,portal,low,escalated,notifications,neutral,уведомления: Slack notifications задерживаются на 15-20 минут в enterprise workspace,"Клиент сообщает, что Slack notifications задерживаются на 15-20 минут в enterprise workspace. Impact: команды пропускают срочные изменения и начинают вручную проверять задачи. Похоже на webhooks, но support должен классифицировать как notifications.",2,48
GEN-TCK-0022,2026-04-22,mid_market,Project Manager,chat,medium,open,csv_import,neutral,импорт CSV: CSV import отклоняет строки из-за неверного mapping assignee_email,"Клиент сообщает, что CSV import отклоняет строки из-за неверного mapping assignee_email. Impact: Project Managers не могут быстро перенести backlog из старых инструментов. Похоже на tasks, но support должен классифицировать как csv_import.",3,50
GEN-TCK-0023,2026-04-23,enterprise,Developer,email,high,resolved,permissions,negative,права доступа: менеджеры не видят SLA reports после изменения project-level permissions,"Клиент сообщает, что менеджеры не видят SLA reports после изменения project-level permissions. Impact: enterprise-команды теряют прозрачность по SLA и эскалируют тикеты. Похоже на reports, но support должен классифицировать как permissions.",4,52
GEN-TCK-0024,2026-04-24,enterprise,Support Manager,portal,critical,escalated,reports,negative,отчеты: SLA report показывает неполные данные после массовых изменений задач,"Клиент сообщает, что SLA report показывает неполные данные после массовых изменений задач. Impact: Product Owners не доверяют отчетам и экспортируют данные вручную. Похоже на tasks, но support должен классифицировать как reports.",5,54
GEN-TCK-0025,2026-04-25,startup,Product Owner,chat,low,open,search,neutral,поиск: поиск по assignee возвращает неполный список задач после импорта,"Клиент сообщает, что поиск по assignee возвращает неполный список задач после импорта. Impact: PM тратят время на ручную фильтрацию задач и теряют скорость планирования. Похоже на csv_import, но support должен классифицировать как search.",2,56
GEN-TCK-0026,2026-04-26,mid_market,Project Manager,email,medium,resolved,webhooks,neutral,webhooks: webhook retry не доставляет события после ошибки 429,"Клиент сообщает, что webhook retry не доставляет события после ошибки 429. Impact: интеграции клиентов получают события с задержкой или не получают их вовсе. Похоже на integrations, но support должен классифицировать как webhooks.",3,58
GEN-TCK-0027,2026-04-27,enterprise,Developer,portal,high,escalated,integrations,negative,интеграции: Slack integration периодически теряет связь после обновления OAuth scopes,"Клиент сообщает, что Slack integration периодически теряет связь после обновления OAuth scopes. Impact: команды не получают уведомления и создают дублирующие Slack threads. Похоже на notifications, но support должен классифицировать как integrations.",4,60
GEN-TCK-0028,2026-04-28,enterprise,Support Manager,chat,critical,open,tasks,negative,задачи: bulk update задач иногда сбрасывает priority у части записей,"Клиент сообщает, что bulk update задач иногда сбрасывает priority у части записей. Impact: тимлиды не видят критичные задачи в sprint board. Похоже на sprints, но support должен классифицировать как tasks.",5,62
GEN-TCK-0029,2026-04-01,startup,Product Owner,email,low,resolved,projects,neutral,проекты: project dashboard показывает stale health status после смены owners,"Клиент сообщает, что project dashboard показывает stale health status после смены owners. Impact: руководители принимают решения по устаревшему статусу проекта. Похоже на permissions, но support должен классифицировать как projects.",2,64
GEN-TCK-0030,2026-04-02,mid_market,Project Manager,portal,medium,escalated,sprints,neutral,"спринты: capacity planning не учитывает задачи, перенесенные между спринтами","Клиент сообщает, что capacity planning не учитывает задачи, перенесенные между спринтами. Impact: PM неверно оценивают загрузку команды и риски delivery. Похоже на tasks, но support должен классифицировать как sprints.",3,66
GEN-TCK-0031,2026-04-03,enterprise,Developer,chat,high,open,notifications,negative,уведомления: Slack notifications задерживаются на 15-20 минут в enterprise workspace,"Клиент сообщает, что Slack notifications задерживаются на 15-20 минут в enterprise workspace. Impact: команды пропускают срочные изменения и начинают вручную проверять задачи. Похоже на webhooks, но support должен классифицировать как notifications.",4,68
GEN-TCK-0032,2026-04-04,enterprise,Support Manager,email,critical,resolved,csv_import,negative,импорт CSV: CSV import отклоняет строки из-за неверного mapping assignee_email,"Клиент сообщает, что CSV import отклоняет строки из-за неверного mapping assignee_email. Impact: Project Managers не могут быстро перенести backlog из старых инструментов. Похоже на tasks, но support должен классифицировать как csv_import.",5,70
GEN-TCK-0033,2026-04-05,startup,Product Owner,portal,low,escalated,permissions,neutral,права доступа: менеджеры не видят SLA reports после изменения project-level permissions,"Клиент сообщает, что менеджеры не видят SLA reports после изменения project-level permissions. Impact: enterprise-команды теряют прозрачность по SLA и эскалируют тикеты. Похоже на reports, но support должен классифицировать как permissions.",2,72
GEN-TCK-0034,2026-04-06,mid_market,Project Manager,chat,medium,open,reports,neutral,отчеты: SLA report показывает неполные данные после массовых изменений задач,"Клиент сообщает, что SLA report показывает неполные данные после массовых изменений задач. Impact: Product Owners не доверяют отчетам и экспортируют данные вручную. Похоже на tasks, но support должен классифицировать как reports.",3,74
GEN-TCK-0035,2026-04-07,enterprise,Developer,email,high,resolved,search,negative,поиск: поиск по assignee возвращает неполный список задач после импорта,"Клиент сообщает, что поиск по assignee возвращает неполный список задач после импорта. Impact: PM тратят время на ручную фильтрацию задач и теряют скорость планирования. Похоже на csv_import, но support должен классифицировать как search.",4,76
GEN-TCK-0036,2026-04-08,enterprise,Support Manager,portal,critical,escalated,webhooks,negative,webhooks: webhook retry не доставляет события после ошибки 429,"Клиент сообщает, что webhook retry не доставляет события после ошибки 429. Impact: интеграции клиентов получают события с задержкой или не получают их вовсе. Похоже на integrations, но support должен классифицировать как webhooks.",5,78
GEN-TCK-0037,2026-04-09,startup,Product Owner,chat,low,open,integrations,neutral,интеграции: Slack integration периодически теряет связь после обновления OAuth scopes,"Клиент сообщает, что Slack integration периодически теряет связь после обновления OAuth scopes. Impact: команды не получают уведомления и создают дублирующие Slack threads. Похоже на notifications, но support должен классифицировать как integrations.",2,80
GEN-TCK-0038,2026-04-10,mid_market,Project Manager,email,medium,resolved,tasks,neutral,задачи: bulk update задач иногда сбрасывает priority у части записей,"Клиент сообщает, что bulk update задач иногда сбрасывает priority у части записей. Impact: тимлиды не видят критичные задачи в sprint board. Похоже на sprints, но support должен классифицировать как tasks.",3,82
GEN-TCK-0039,2026-04-11,enterprise,Developer,portal,high,escalated,projects,negative,проекты: project dashboard показывает stale health status после смены owners,"Клиент сообщает, что project dashboard показывает stale health status после смены owners. Impact: руководители принимают решения по устаревшему статусу проекта. Похоже на permissions, но support должен классифицировать как projects.",4,84
GEN-TCK-0040,2026-04-12,enterprise,Support Manager,chat,critical,open,sprints,negative,"спринты: capacity planning не учитывает задачи, перенесенные между спринтами","Клиент сообщает, что capacity planning не учитывает задачи, перенесенные между спринтами. Impact: PM неверно оценивают загрузку команды и риски delivery. Похоже на tasks, но support должен классифицировать как sprints.",5,86
GEN-TCK-0041,2026-04-13,startup,Product Owner,email,low,resolved,notifications,neutral,уведомления: Slack notifications задерживаются на 15-20 минут в enterprise workspace,"Клиент сообщает, что Slack notifications задерживаются на 15-20 минут в enterprise workspace. Impact: команды пропускают срочные изменения и начинают вручную проверять задачи. Похоже на webhooks, но support должен классифицировать как notifications.",2,88
GEN-TCK-0042,2026-04-14,mid_market,Project Manager,portal,medium,escalated,csv_import,neutral,импорт CSV: CSV import отклоняет строки из-за неверного mapping assignee_email,"Клиент сообщает, что CSV import отклоняет строки из-за неверного mapping assignee_email. Impact: Project Managers не могут быстро перенести backlog из старых инструментов. Похоже на tasks, но support должен классифицировать как csv_import.",3,90
GEN-TCK-0043,2026-04-15,enterprise,Developer,chat,high,open,permissions,negative,права доступа: менеджеры не видят SLA reports после изменения project-level permissions,"Клиент сообщает, что менеджеры не видят SLA reports после изменения project-level permissions. Impact: enterprise-команды теряют прозрачность по SLA и эскалируют тикеты. Похоже на reports, но support должен классифицировать как permissions.",4,92
GEN-TCK-0044,2026-04-16,enterprise,Support Manager,email,critical,resolved,reports,negative,отчеты: SLA report показывает неполные данные после массовых изменений задач,"Клиент сообщает, что SLA report показывает неполные данные после массовых изменений задач. Impact: Product Owners не доверяют отчетам и экспортируют данные вручную. Похоже на tasks, но support должен классифицировать как reports.",5,94
GEN-TCK-0045,2026-04-17,startup,Product Owner,portal,low,escalated,search,neutral,поиск: поиск по assignee возвращает неполный список задач после импорта,"Клиент сообщает, что поиск по assignee возвращает неполный список задач после импорта. Impact: PM тратят время на ручную фильтрацию задач и теряют скорость планирования. Похоже на csv_import, но support должен классифицировать как search.",2,96
GEN-TCK-0046,2026-04-18,mid_market,Project Manager,chat,medium,open,webhooks,neutral,webhooks: webhook retry не доставляет события после ошибки 429,"Клиент сообщает, что webhook retry не доставляет события после ошибки 429. Impact: интеграции клиентов получают события с задержкой или не получают их вовсе. Похоже на integrations, но support должен классифицировать как webhooks.",3,98
GEN-TCK-0047,2026-04-19,enterprise,Developer,email,high,resolved,integrations,negative,интеграции: Slack integration периодически теряет связь после обновления OAuth scopes,"Клиент сообщает, что Slack integration периодически теряет связь после обновления OAuth scopes. Impact: команды не получают уведомления и создают дублирующие Slack threads. Похоже на notifications, но support должен классифицировать как integrations.",4,100
GEN-TCK-0048,2026-04-20,enterprise,Support Manager,portal,critical,escalated,tasks,negative,задачи: bulk update задач иногда сбрасывает priority у части записей,"Клиент сообщает, что bulk update задач иногда сбрасывает priority у части записей. Impact: тимлиды не видят критичные задачи в sprint board. Похоже на sprints, но support должен классифицировать как tasks.",5,102
GEN-TCK-0049,2026-04-21,startup,Product Owner,chat,low,open,projects,neutral,проекты: project dashboard показывает stale health status после смены owners,"Клиент сообщает, что project dashboard показывает stale health status после смены owners. Impact: руководители принимают решения по устаревшему статусу проекта. Похоже на permissions, но support должен классифицировать как projects.",2,104
GEN-TCK-0050,2026-04-22,mid_market,Project Manager,email,medium,resolved,sprints,neutral,"спринты: capacity planning не учитывает задачи, перенесенные между спринтами","Клиент сообщает, что capacity planning не учитывает задачи, перенесенные между спринтами. Impact: PM неверно оценивают загрузку команды и риски delivery. Похоже на tasks, но support должен классифицировать как sprints.",3,106
