review_id,created_at,customer_segment,reviewer_role,rating,feature,pros,cons,request
GEN-REV-0001,2026-04-01,mid_market,Product Owner,2,notifications,"Feature notifications полезна, когда работает стабильно.",Проблема: Slack notifications задерживаются на 15-20 минут в enterprise workspace.,"Нужны прозрачные статусы, метрика notification_delivery_delay и понятный workaround."
GEN-REV-0002,2026-04-02,enterprise,Project Manager,3,csv_import,"Feature csv_import полезна, когда работает стабильно.",Проблема: CSV import отклоняет строки из-за неверного mapping assignee_email.,"Нужны прозрачные статусы, метрика failed_imports и понятный workaround."
GEN-REV-0003,2026-04-03,mid_market,Developer,4,permissions,"Feature permissions полезна, когда работает стабильно.",Проблема: менеджеры не видят SLA reports после изменения project-level permissions.,"Нужны прозрачные статусы, метрика access_denied_errors и понятный workaround."
GEN-REV-0004,2026-04-04,enterprise,Support Manager,2,reports,"Feature reports полезна, когда работает стабильно.",Проблема: SLA report показывает неполные данные после массовых изменений задач.,"Нужны прозрачные статусы, метрика report_accuracy_complaints и понятный workaround."
GEN-REV-0005,2026-04-05,mid_market,Product Owner,3,search,"Feature search полезна, когда работает стабильно.",Проблема: поиск по assignee возвращает неполный список задач после импорта.,"Нужны прозрачные статусы, метрика search_zero_result_rate и понятный workaround."
GEN-REV-0006,2026-04-06,enterprise,Project Manager,4,webhooks,"Feature webhooks полезна, когда работает стабильно.",Проблема: webhook retry не доставляет события после ошибки 429.,"Нужны прозрачные статусы, метрика webhook_failed_deliveries и понятный workaround."
GEN-REV-0007,2026-04-07,mid_market,Developer,2,integrations,"Feature integrations полезна, когда работает стабильно.",Проблема: Slack integration периодически теряет связь после обновления OAuth scopes.,"Нужны прозрачные статусы, метрика integration_reconnect_rate и понятный workaround."
GEN-REV-0008,2026-04-08,enterprise,Support Manager,3,tasks,"Feature tasks полезна, когда работает стабильно.",Проблема: bulk update задач иногда сбрасывает priority у части записей.,"Нужны прозрачные статусы, метрика task_priority_corrections и понятный workaround."
GEN-REV-0009,2026-04-09,mid_market,Product Owner,4,projects,"Feature projects полезна, когда работает стабильно.",Проблема: project dashboard показывает stale health status после смены owners.,"Нужны прозрачные статусы, метрика project_health_stale_views и понятный workaround."
GEN-REV-0010,2026-04-10,enterprise,Project Manager,2,sprints,"Feature sprints полезна, когда работает стабильно.","Проблема: capacity planning не учитывает задачи, перенесенные между спринтами.","Нужны прозрачные статусы, метрика capacity_mismatch_rate и понятный workaround."
GEN-REV-0011,2026-04-11,mid_market,Developer,3,notifications,"Feature notifications полезна, когда работает стабильно.",Проблема: Slack notifications задерживаются на 15-20 минут в enterprise workspace.,"Нужны прозрачные статусы, метрика notification_delivery_delay и понятный workaround."
GEN-REV-0012,2026-04-12,enterprise,Support Manager,4,csv_import,"Feature csv_import полезна, когда работает стабильно.",Проблема: CSV import отклоняет строки из-за неверного mapping assignee_email.,"Нужны прозрачные статусы, метрика failed_imports и понятный workaround."
GEN-REV-0013,2026-04-13,mid_market,Product Owner,2,permissions,"Feature permissions полезна, когда работает стабильно.",Проблема: менеджеры не видят SLA reports после изменения project-level permissions.,"Нужны прозрачные статусы, метрика access_denied_errors и понятный workaround."
GEN-REV-0014,2026-04-14,enterprise,Project Manager,3,reports,"Feature reports полезна, когда работает стабильно.",Проблема: SLA report показывает неполные данные после массовых изменений задач.,"Нужны прозрачные статусы, метрика report_accuracy_complaints и понятный workaround."
GEN-REV-0015,2026-04-15,mid_market,Developer,4,search,"Feature search полезна, когда работает стабильно.",Проблема: поиск по assignee возвращает неполный список задач после импорта.,"Нужны прозрачные статусы, метрика search_zero_result_rate и понятный workaround."
GEN-REV-0016,2026-04-16,enterprise,Support Manager,2,webhooks,"Feature webhooks полезна, когда работает стабильно.",Проблема: webhook retry не доставляет события после ошибки 429.,"Нужны прозрачные статусы, метрика webhook_failed_deliveries и понятный workaround."
GEN-REV-0017,2026-04-17,mid_market,Product Owner,3,integrations,"Feature integrations полезна, когда работает стабильно.",Проблема: Slack integration периодически теряет связь после обновления OAuth scopes.,"Нужны прозрачные статусы, метрика integration_reconnect_rate и понятный workaround."
GEN-REV-0018,2026-04-18,enterprise,Project Manager,4,tasks,"Feature tasks полезна, когда работает стабильно.",Проблема: bulk update задач иногда сбрасывает priority у части записей.,"Нужны прозрачные статусы, метрика task_priority_corrections и понятный workaround."
GEN-REV-0019,2026-04-19,mid_market,Developer,2,projects,"Feature projects полезна, когда работает стабильно.",Проблема: project dashboard показывает stale health status после смены owners.,"Нужны прозрачные статусы, метрика project_health_stale_views и понятный workaround."
GEN-REV-0020,2026-04-20,enterprise,Support Manager,3,sprints,"Feature sprints полезна, когда работает стабильно.","Проблема: capacity planning не учитывает задачи, перенесенные между спринтами.","Нужны прозрачные статусы, метрика capacity_mismatch_rate и понятный workaround."
